{
    "btc": {
        "satoshi": 0.00765496,
        "cost": 486.38
    },
    "eth": {
        "satoshi": 0.04251751,
        "cost": 192.04
    },
    "xlm": {
        "satoshi": 24.3743468,
        "cost": 10.00
    },
    "comp": {
        "satoshi": 0.02615877,
        "cost": 9.00
    },
    "grt": {
        "satoshi": 3.79813231,
        "cost": 4.00
    },
    "amp": {
        "satoshi": 63.38921415,
        "cost": 3.00
    },
    "fet": {
        "satoshi": 3.89560012,
        "cost": 3.00
    },
    "clv": {
        "satoshi": 2.49999999,
        "cost": 3.00
    },
    "lrc": {
        "satoshi": 1.02552411,
        "cost": 1.5
    },
    "auction": {
        "satoshi": 0.07174328,
        "cost": 3.00
    }
}